{
    "loss": 18.55196762084961,
    "accuracy": 0.48201438784599304
}